country,rank,area,landAreaKm,cca2,cca3,netChange,growthRate,worldPercentage,density,densityMi,place,pop1980,pop2000,pop2010,pop2022,pop2023,pop2030,pop2050,iso_code,continent,location,total_cases,total_deaths,total_cases_per_million,total_deaths_per_million,population,population_density,median_age,aged_65_older,aged_70_older,gdp_per_capita,cardiovasc_death_rate,diabetes_prevalence,life_expectancy
India,1,3287590.0,2973190.0,IN,IND,0.4184,0.0081,0.1785,480.5033,1244.5036,356,696828385,1059633675,1240613620,1417173173,1428627663,1514994080,1670490596,IND,Asia,India,42962953.0,515036.0,30832.98,369.623,1393409033.0,450.419,28.2,5.989,3.414,6426.674,282.28,10.39,69.66
China,2,9706961.0,9424702.9,CN,CHN,-0.0113,-0.0002,0.1781,151.2696,391.7884,156,982372466,1264099069,1348191368,1425887337,1425671352,1415605906,1312636325,CHN,Asia,China,110868.0,4636.0,76.767,3.21,1444216102.0,147.674,38.7,10.641,5.929,15308.712,261.899,9.74,76.91
United States,3,9372610.0,9147420.0,US,USA,0.0581,0.005,0.0425,37.1686,96.2666,840,223140018,282398554,311182845,338289857,339996563,352162301,375391963,USA,North America,United States,79265726.0,958437.0,238095.936,2878.923,332915074.0,35.608,38.3,15.413,9.732,54225.446,151.089,10.79,78.86
Indonesia,4,1904569.0,1877519.0,ID,IDN,0.0727,0.0074,0.0347,147.8196,382.8528,360,148177096,214072421,244016173,275501339,277534122,292150100,317225213,IDN,Asia,Indonesia,5723858.0,149918.0,20711.467,542.47,276361788.0,145.725,29.3,5.319,3.053,11188.744,342.864,6.32,71.72
Pakistan,5,881912.0,770880.0,PK,PAK,0.1495,0.0198,0.03,311.9625,807.9829,586,80624057,154369924,194454498,235824862,240485658,274029836,367808468,PAK,Asia,Pakistan,1514258.0,30265.0,6724.061,134.392,225199929.0,255.573,23.5,4.495,2.78,5034.708,423.031,8.35,67.27
Nigeria,6,923768.0,910770.0,NG,NGA,0.168,0.0241,0.028,245.7312,636.4439,566,72951439,122851984,160952853,218541212,223804632,262580426,377459883,NGA,Africa,Nigeria,254637.0,3142.0,1204.523,14.863,211400704.0,209.588,18.1,2.751,1.447,5338.454,181.013,2.42,54.69
Brazil,7,8515767.0,8358140.0,BR,BRA,0.0393,0.0052,0.027,25.8936,67.0645,76,122288383,175873720,196353492,215313498,216422446,223908968,230885725,BRA,South America,Brazil,29040800.0,652216.0,135708.832,3047.832,213993441.0,25.04,33.5,8.552,5.06,14103.452,177.961,8.11,75.88
Bangladesh,8,147570.0,130170.0,BD,BGD,0.0557,0.0103,0.0216,1328.6803,3441.2821,50,83929765,129193327,148391139,171186372,172954319,184424144,203904900,BGD,Asia,Bangladesh,1946737.0,29077.0,11705.93,174.843,166303494.0,1265.036,27.5,5.098,3.262,3523.984,298.003,8.38,72.59
Russia,9,17098242.0,16376870.0,RU,RUS,-0.0158,-0.0019,0.018,8.82,22.8439,643,138257420,146844839,143242599,144713314,144444359,141432741,133133035,RUS,Europe,Russia,16619507.0,348467.0,113900.875,2388.199,145912022.0,8.823,39.6,14.178,9.393,24765.954,431.297,6.18,72.58
Mexico,10,1964375.0,1943950.0,MX,MEX,0.0299,0.0075,0.016,66.0797,171.1463,484,67705186,97873442,112532401,127504125,128455567,134534107,143772364,MEX,North America,Mexico,5554392.0,319604.0,42640.084,2453.543,130262220.0,66.444,29.3,6.857,4.321,17336.469,152.783,13.06,75.05
Ethiopia,11,1104300.0,1128571.3,ET,ETH,0.1008,0.0255,0.0158,112.1126,290.3716,231,34945469,67031867,89237791,123379924,126527060,149296378,214812309,ETH,Africa,Ethiopia,468930.0,7476.0,3978.156,63.422,117876226.0,104.957,19.8,3.526,2.063,1729.927,182.634,7.47,66.6
Japan,12,377930.0,364500.0,JP,JPN,-0.0209,-0.0053,0.0154,338.2566,876.0845,392,117624196,126803861,128105431,123951692,123294513,118514802,103784357,JPN,Asia,Japan,5341246.0,24816.0,42373.759,196.873,126050796.0,347.778,48.2,27.049,18.493,39002.223,79.37,5.72,84.63
Philippines,13,342353.0,298170.0,PH,PHL,0.0561,0.0154,0.0147,393.5251,1019.2299,608,48419546,77958223,94636700,115559009,117337368,129453321,157891622,PHL,Asia,Philippines,3666678.0,56879.0,33019.181,512.207,111046910.0,351.873,25.2,4.803,2.661,7599.188,370.437,7.07,71.23
Egypt,14,1002450.0,995450.0,EG,EGY,0.0551,0.0156,0.0141,113.2318,293.2704,818,43748556,71371371,87252413,110990103,112716598,125151725,160339889,EGY,Africa,Egypt,489876.0,24172.0,4698.675,231.847,104258327.0,97.999,25.3,5.159,2.891,10550.206,525.432,17.31,71.99
DR Congo,15,2344858.0,2267050.0,CD,COD,0.105,0.0329,0.0128,45.1083,116.8305,180,26708686,48616317,66391257,99010212,102262808,127582053,217494003,COD,Africa,Democratic Republic of Congo,86154.0,1335.0,932.625,14.451,92377986.0,35.879,17.0,3.02,1.745,808.133,318.949,6.1,60.68
Vietnam,16,331212.0,313429.0,VN,VNM,0.0208,0.0068,0.0123,315.411,816.9145,704,52968270,79001142,87411012,98186856,98858950,102699905,107012939,VNM,Asia,Vietnam,4232520.0,40726.0,43114.704,414.857,98168829.0,308.127,32.6,7.15,4.718,6171.884,245.465,6.0,75.4
Iran,17,1648195.0,1622500.0,IR,IRN,0.0208,0.007,0.0111,54.9601,142.3467,364,38520664,65544383,75373855,88550570,89172767,92921017,99007204,IRN,Asia,Iran,7084306.0,137747.0,83316.586,1620.005,85028760.0,49.831,32.4,5.44,3.182,19082.62,270.308,9.59,76.68
Turkey,18,783562.0,783562.0,TR,TUR,0.0143,0.0056,0.0107,109.5206,283.6584,792,44089069,64113547,73195345,85341241,85816199,88879698,95829258,TUR,Asia,Turkey,14326217.0,95379.0,168459.032,1121.542,85042736.0,104.914,31.6,8.153,5.061,25129.341,171.285,12.13,77.69
Germany,19,357114.0,349390.0,DE,DEU,-0.0012,-0.0009,0.0104,238.4002,617.4564,276,77786703,81551677,81325090,83369843,83294633,82762675,78932228,DEU,Europe,Germany,15830112.0,124107.0,188677.272,1479.217,83900471.0,237.016,46.6,21.453,15.957,45229.245,156.139,8.31,81.33
Thailand,20,513120.0,510890.0,TH,THA,0.003,0.0015,0.009,140.5416,364.0026,764,45737753,63066603,68270489,71697030,71801279,72060018,67880083,THA,Asia,Thailand,3026695.0,23235.0,43268.885,332.162,69950844.0,135.132,40.1,11.373,6.89,16277.671,109.861,7.04,77.15
United Kingdom,21,242900.0,241930.0,GB,GBR,0.0072,0.0034,0.0085,279.9851,725.1615,826,56326328,58850043,62760039,67508936,67736802,69175770,71684966,GBR,Europe,United Kingdom,19172095.0,162152.0,281086.442,2377.347,68207114.0,272.898,40.8,18.517,12.527,39753.244,122.137,4.28,81.32
Tanzania,22,945087.0,885800.0,TZ,TZA,0.0622,0.0296,0.0084,76.1324,197.183,834,19297659,34463704,45110527,65497748,67438106,81885304,129931520,TZA,Africa,Tanzania,33620.0,798.0,546.681,12.976,61498438.0,64.699,17.7,3.108,1.874,2683.304,217.288,5.75,65.46
France,23,551695.0,547557.0,FR,FRA,0.004,0.002,0.0081,118.2646,306.3052,250,53713830,58665453,62444567,64626628,64756584,65543452,65827072,FRA,Europe,France,23064766.0,139312.0,342095.547,2066.269,67422000.0,122.578,42.0,19.718,13.079,38605.671,86.06,4.77,82.66
South Africa,24,1221037.0,1213090.0,ZA,ZAF,0.0173,0.0087,0.0075,49.8022,128.9876,710,29463549,46813266,51784921,59893885,60414495,64659278,73529753,ZAF,Africa,South Africa,3683172.0,99543.0,61343.264,1657.89,60041996.0,46.754,27.3,5.344,3.053,12294.876,200.38,5.52,64.13
Italy,25,301336.0,295717.0,IT,ITA,-0.0054,-0.0028,0.0074,199.078,515.6121,380,56329482,56966397,59822450,59037474,58870762,57544258,52250484,ITA,Europe,Italy,12990223.0,155782.0,215185.808,2580.562,60367471.0,205.859,47.9,23.021,16.24,35220.084,113.151,4.78,83.51
Kenya,26,580367.0,569140.0,KE,KEN,0.0346,0.0199,0.0069,96.8138,250.7477,404,16187124,30851606,41517895,54027487,55100586,63103942,85211739,KEN,Africa,Kenya,323071.0,5640.0,5875.546,102.572,54985702.0,87.324,20.0,2.686,1.528,2993.028,218.637,2.92,66.7
Myanmar,27,676578.0,652670.0,MM,MMR,0.0125,0.0074,0.0068,83.6227,216.5827,104,33465781,45538332,49390988,54179306,54577997,56987625,59929399,MMR,Asia,Myanmar,597417.0,19386.0,10900.574,353.72,54806014.0,81.721,29.1,5.732,3.12,5591.597,202.104,4.61,67.13
Colombia,28,1141748.0,1109500.0,CO,COL,0.008,0.0041,0.0065,46.9447,121.5868,170,26176195,39215135,44816108,51874024,52085168,54129764,56987651,COL,South America,Colombia,6070616.0,139037.0,118414.443,2712.079,51265841.0,44.223,32.2,7.646,4.312,13254.949,124.24,7.44,77.29
South Korea,29,100210.0,97600.0,KR,KOR,-0.0012,-0.0006,0.0065,530.5744,1374.1876,410,38170501,46788591,48813042,51815810,51784059,51290214,45770874,KOR,Asia,South Korea,4456264.0,8957.0,86857.967,174.583,51305184.0,527.967,43.4,13.914,8.622,35938.374,85.998,6.8,83.03
Uganda,30,241550.0,200520.0,UG,UGA,0.0423,0.0282,0.0061,242.2817,627.5097,800,13284026,24020697,32341728,47249585,48582334,58380262,87622081,UGA,Africa,Uganda,163383.0,3590.0,3467.121,76.183,47123533.0,213.759,16.4,2.168,1.308,1697.707,213.333,2.5,63.37
Sudan,31,1886068.0,1868000.0,SD,SDN,0.0394,0.0263,0.006,25.7543,66.7036,729,16673586,26298773,33739933,46874204,48109006,56997099,84494269,SDN,Africa,Sudan,61569.0,3912.0,1370.962,87.109,44909351.0,23.258,19.7,3.548,2.034,4466.507,431.388,15.67,65.31
Spain,32,505992.0,499556.6,ES,ESP,-0.0014,-0.0008,0.0059,95.1236,246.3702,724,37491666,40741651,46572772,47558630,47519628,47076573,44219565,ESP,Europe,Spain,11100428.0,100413.0,237466.636,2148.092,46745211.0,93.105,45.5,19.436,13.799,34272.36,99.403,7.17,83.56
Argentina,33,2780400.0,2736690.0,AR,ARG,0.0091,0.0058,0.0057,16.726,43.3203,32,28024803,37070774,41100123,45510318,45773884,47678560,51621175,ARG,South America,Argentina,8934328.0,126708.0,195903.229,2778.329,45605823.0,16.177,31.9,11.198,7.441,18933.907,191.032,5.5,76.67
Algeria,34,2381741.0,2381741.0,DZ,DZA,0.0218,0.0157,0.0057,19.1484,49.5943,12,18739378,30774621,35856344,44903225,45606480,49787283,60001113,DZA,Africa,Algeria,265227.0,6853.0,5944.578,153.597,44616626.0,17.348,29.1,6.211,3.857,13913.839,278.364,6.73,76.88
Iraq,35,438317.0,434128.0,IQ,IRQ,0.0322,0.0227,0.0057,104.8183,271.4794,368,13653369,24628858,31264875,44496122,45504560,52800825,74515140,IRQ,Asia,Iraq,2307555.0,25041.0,56036.702,608.096,41179351.0,88.125,20.0,3.186,1.957,15663.986,218.612,8.83,70.6
Afghanistan,36,652230.0,652230.0,AF,AFG,0.0357,0.027,0.0053,64.7622,167.7341,4,12486631,19542982,28189672,41128771,42239854,50330837,74075234,AFG,Asia,Afghanistan,174331.0,7622.0,4376.28,191.337,39835428.0,54.422,18.6,2.581,1.337,1803.987,597.029,9.59,64.83
Poland,37,312679.0,306130.0,PL,POL,-0.0286,0.0293,0.0051,134.0152,347.0993,616,35521429,38504431,38597353,39857145,41026067,38700518,34932339,POL,Europe,Poland,5734041.0,112535.0,151706.247,2977.353,37797000.0,124.027,41.8,16.763,10.202,27216.445,227.331,5.91,78.73
Canada,38,9984670.0,8965590.0,CA,CAN,0.0104,0.0085,0.0048,4.3256,11.2032,124,24511510,30683313,33963412,38454327,38781291,41008596,45890819,CAN,North America,Canada,3334009.0,36998.0,87580.556,971.895,38067913.0,4.037,41.4,16.984,10.797,44017.591,105.599,7.37,82.43
Morocco,39,446550.0,446300.0,MA,MAR,0.012,0.0102,0.0047,84.7861,219.596,504,19678444,28554415,32464865,37457971,37840044,40226395,45044990,MAR,Africa,Morocco,1161586.0,16015.0,31104.368,428.842,37344787.0,80.08,29.6,6.769,4.209,7485.013,419.146,7.14,76.68
Saudi Arabia,40,2149690.0,2149690.0,SA,SAU,0.0169,0.0148,0.0046,17.1871,44.5147,682,10171710,21547390,29411929,36408820,36947025,40461368,48374543,SAU,Asia,Saudi Arabia,747119.0,9006.0,21140.482,254.834,35340680.0,15.322,31.9,3.295,1.845,49045.411,259.538,17.72,75.13
Ukraine,41,603500.0,579400.0,UA,UKR,0.0428,-0.0745,0.0046,63.4184,164.2537,804,49973920,48879755,45683020,39701739,36744634,38295429,32867719,UKR,Europe,Ukraine,5040518.0,112459.0,115962.423,2587.238,43466822.0,77.39,41.4,16.462,11.133,7894.393,539.849,7.11,72.06
Angola,42,1246700.0,1246700.0,AO,AGO,0.0352,0.0308,0.0046,29.425,76.2109,24,8330047,16394062,23364185,35588987,36684202,44911664,72328068,AGO,Africa,Angola,98796.0,1900.0,2911.45,55.992,33933611.0,23.89,16.8,2.405,1.362,5819.495,276.045,3.94,61.15
Uzbekistan,43,447400.0,440650.0,UZ,UZB,0.0166,0.0155,0.0044,79.8002,206.6824,860,15947129,24925554,28614227,34627652,35163944,38313228,45593149,UZB,Asia,Uzbekistan,236840.0,1637.0,6979.068,48.238,33935765.0,76.134,28.2,4.469,2.873,6253.104,724.417,7.57,71.72
Yemen,44,527968.0,527970.0,YE,YEM,0.024,0.0224,0.0043,65.2496,168.9964,887,9204938,18628700,24743946,33696614,34449825,39923245,55296331,YEM,Asia,Yemen,11775.0,2135.0,386.184,70.021,30490639.0,53.508,20.3,2.922,1.583,1479.147,495.003,5.35,66.12
Peru,45,1285216.0,1280000.0,PE,PER,0.0105,0.0089,0.0043,26.8381,69.5106,604,17492406,26654439,29229572,34049588,34352719,36702393,42022554,PER,South America,Peru,3522484.0,210907.0,105591.9,6322.263,33359415.0,25.129,29.1,7.151,4.455,12236.706,85.755,5.95,76.74
Malaysia,46,330803.0,328550.0,MY,MYS,0.0116,0.0109,0.0043,104.4241,270.4583,458,13215707,22945150,28717731,33938221,34308525,36687569,41032433,MYS,Asia,Malaysia,3595172.0,33173.0,109688.51,1012.106,32776195.0,96.254,29.9,6.293,3.407,26808.164,260.942,16.74,76.16
Ghana,47,238533.0,227533.0,GH,GHA,0.0206,0.0193,0.0043,149.965,388.4093,288,11865246,19665502,25574719,33475870,34121985,38775850,52231785,GHA,Africa,Ghana,160028.0,1442.0,5043.091,45.443,31732128.0,126.719,21.1,3.385,1.948,4227.63,298.245,4.97,64.07
Mozambique,48,801590.0,786380.0,MZ,MOZ,0.0302,0.0281,0.0042,43.1056,111.6434,508,11413587,17768505,23073723,32969518,33897354,40920707,63044497,MOZ,Africa,Mozambique,225135.0,2196.0,6999.804,68.277,32163045.0,37.728,17.7,3.158,1.87,1136.103,329.942,3.3,60.85
Nepal,49,147181.0,143350.0,NP,NPL,0.011,0.0114,0.0039,215.5325,558.2293,524,15600442,24559500,27161567,30547580,30896590,33133395,37401365,NPL,Asia,Nepal,977447.0,11945.0,32938.488,402.528,29674920.0,204.43,25.0,5.809,3.212,2442.804,260.797,7.26,70.78
Madagascar,50,587041.0,581800.0,MG,MDG,0.023,0.0241,0.0038,52.124,135.0011,450,8948162,16216431,21731053,29611714,30325732,35604443,51592965,MDG,Africa,Madagascar,63791.0,1373.0,2244.002,48.299,28427333.0,43.951,19.6,2.929,1.686,1416.44,405.994,3.94,67.04
Ivory Coast,51,322463.0,318000.0,CI,CIV,0.023,0.0253,0.0036,90.7957,235.1609,384,8303810,16799670,21120042,28160542,28873034,34211272,51358243,CIV,Africa,Cote d'Ivoire,81546.0,795.0,3014.235,29.386,27053629.0,76.399,18.7,2.933,1.582,3601.006,303.74,2.42,57.78
Venezuela,52,916445.0,882050.0,VE,VEN,0.0179,0.019,0.0036,32.6949,84.6797,862,15210443,24427729,28715022,28301696,28838499,32027461,35937404,VEN,South America,Venezuela,516578.0,5647.0,17996.131,196.726,28704947.0,36.253,29.0,6.614,3.915,16745.022,204.85,6.47,72.06
Cameroon,53,475442.0,472710.0,CM,CMR,0.0235,0.0263,0.0036,60.6023,156.9598,120,8519891,15091594,19878036,27914536,28647293,34051103,51279560,CMR,Africa,Cameroon,119322.0,1926.0,4382.929,70.746,27224262.0,50.885,18.8,3.165,1.919,3364.926,244.661,7.2,59.29
Niger,54,1267000.0,1266700.0,NE,NER,0.0321,0.038,0.0034,21.4754,55.6212,562,6173177,11622665,16647543,26207977,27202843,35217942,67043296,NER,Africa,Niger,8760.0,307.0,348.576,12.216,25130810.0,16.955,15.1,2.553,1.378,926.0,238.339,2.42,62.42
Australia,55,7692024.0,7692020.0,AU,AUS,0.0083,0.01,0.0033,3.4372,8.9024,36,14706322,19017963,22019168,26177413,26439111,28202414,32192919,AUS,Oceania,Australia,3362035.0,5416.0,130370.975,210.018,25788217.0,3.202,37.9,15.504,10.129,44648.71,107.791,5.07,83.44
Taiwan,57,36193.0,36197.0,TW,TWN,0.0009,0.0013,0.003,660.9188,1711.7796,158,18100281,22194731,23083083,23893394,23923276,24027999,22445526,TWN,Asia,Taiwan,20797.0,853.0,871.809,35.758,23855008.0,,42.2,,8.353,,103.957,,80.46
Mali,58,1240192.0,1220190.0,ML,MLI,0.0225,0.031,0.0029,19.0902,49.4437,466,7372581,11239101,15529181,22593590,23293698,28712294,47439802,MLI,Africa,Mali,30398.0,724.0,1457.538,34.715,20855724.0,15.196,16.4,2.519,1.486,2014.306,268.024,2.42,59.31
Burkina Faso,59,272967.0,273600.0,BF,BFA,0.0185,0.0255,0.0029,84.9835,220.1073,854,6932967,11882888,16116845,22673762,23251485,27523563,40541548,BFA,Africa,Burkina Faso,20751.0,375.0,965.293,17.444,21497097.0,70.151,17.6,2.409,1.358,1703.102,269.048,2.42,61.58
Syria,60,185180.0,183630.0,SY,SYR,0.0359,0.0498,0.0029,126.4881,327.6042,760,8898954,16307654,22337563,22125249,23227014,29824735,38306374,SYR,Asia,Syria,54963.0,3092.0,3007.435,169.186,18275704.0,,21.7,,2.577,,376.264,,72.7
Sri Lanka,61,65610.0,61860.0,LK,LKA,0.0018,0.0028,0.0027,353.9214,916.6565,144,14943645,18776371,20668557,21832143,21893579,22186970,21814985,LKA,Asia,Sri Lanka,649632.0,16321.0,30219.228,759.211,21497306.0,341.955,34.1,10.069,5.331,11669.077,197.093,10.68,76.98
Malawi,62,118484.0,94280.0,MW,MWI,0.0169,0.0258,0.0026,222.0169,575.0237,454,6267369,11229387,14718422,20405317,20931751,24944243,37159300,MWI,Africa,Malawi,85411.0,2618.0,4347.129,133.247,19647681.0,197.519,18.1,2.979,1.783,1095.042,227.349,3.94,64.26
Zambia,63,752612.0,743390.0,ZM,ZMB,0.0178,0.0276,0.0026,27.6702,71.6658,894,5720438,9891136,13792086,20017675,20569737,24676417,37460435,ZMB,Africa,Zambia,313744.0,3958.0,16582.088,209.189,18920657.0,22.995,17.7,2.48,1.542,3689.251,234.499,3.94,63.89
Romania,64,238391.0,230080.0,RO,ROU,-0.0103,0.0119,0.0025,86.4604,223.9325,642,22125224,21919876,20335211,19659267,19892812,19023383,17457213,ROU,Europe,Romania,2765169.0,63931.0,144563.047,3342.313,19127772.0,85.129,43.0,17.85,11.69,23313.199,370.946,9.74,76.05
Chile,65,756102.0,743532.0,CL,CHL,0.0009,0.0013,0.0025,26.4005,68.3772,152,11469828,15351799,17004162,19603733,19629590,19933769,20675378,CHL,South America,Chile,3168335.0,42955.0,164911.269,2235.8,19212362.0,24.282,35.4,11.087,6.938,22767.037,127.993,8.46,80.18
Kazakhstan,66,2724900.0,2699700.0,KZ,KAZ,0.0067,0.0108,0.0024,7.2625,18.8099,398,14172710,15236253,16627837,19397998,19606633,21128221,25609978,KAZ,Asia,Kazakhstan,1391984.0,18967.0,73281.762,998.528,18994958.0,6.681,30.6,6.991,4.625,24055.588,466.792,7.11,73.6
Chad,67,1284000.0,1259200.0,TD,TCD,0.0178,0.0313,0.0023,14.516,37.5965,148,4408230,8259137,11894727,17723315,18278568,22460393,36452035,TCD,Africa,Chad,7257.0,190.0,429.028,11.233,16914985.0,11.833,16.7,2.486,1.446,1768.153,280.995,6.1,54.24
Ecuador,68,276841.0,248360.0,EC,ECU,0.006,0.0105,0.0023,73.2424,189.6978,218,8135845,12626507,14989585,18001000,18190484,19486952,22269779,ECU,South America,Ecuador,836216.0,35264.0,46746.078,1971.325,17888474.0,66.939,28.1,7.104,4.458,10581.936,140.448,5.55,77.01
Somalia,69,637657.0,627340.0,SO,SOM,0.0176,0.031,0.0023,28.9211,74.9057,706,5892224,8721465,12026649,17597511,18143378,22316857,36462830,SOM,Africa,Somalia,26351.0,1348.0,1610.746,82.399,16359500.0,23.5,16.8,2.731,1.496,,365.769,6.05,57.4
Guatemala,70,108889.0,107160.0,GT,GTM,0.008,0.0139,0.0023,168.8319,437.2746,320,6987767,11735894,14543121,17843908,18092026,20003638,24600727,GTM,North America,Guatemala,791944.0,17073.0,43394.506,935.514,18249868.0,157.834,22.9,4.694,3.016,7423.808,155.898,10.18,74.3
Senegal,71,196722.0,192530.0,SN,SEN,0.0144,0.0258,0.0022,92.2618,238.958,686,5703869,9704287,12530121,17316449,17763163,21125872,32562869,SEN,Africa,Senegal,85747.0,1961.0,4986.361,114.036,17196308.0,82.328,18.7,3.008,1.796,2470.58,241.219,2.42,67.94
Netherlands,72,41850.0,33670.0,NL,NLD,0.0017,0.0031,0.0022,523.264,1355.2538,528,14130387,15899135,16617117,17564014,17618299,17943803,17897025,NLD,Europe,Netherlands,6734097.0,21714.0,392130.678,1264.42,17173094.0,508.544,43.2,18.779,11.881,48472.545,109.361,5.29,82.28
Cambodia,73,181035.0,176520.0,KH,KHM,0.0057,0.0106,0.0021,95.9938,248.6239,116,6198959,12118841,14363532,16767842,16944826,18084248,20258435,KHM,Asia,Cambodia,132072.0,3040.0,7793.493,179.389,16946446.0,90.672,25.6,4.412,2.385,3645.07,270.892,4.0,69.82
Zimbabwe,74,390757.0,386850.0,ZW,ZWE,0.0112,0.0211,0.0021,43.0798,111.5766,716,7049926,11834676,12839771,16320537,16665409,19179393,26438589,ZWE,Africa,Zimbabwe,239019.0,5397.0,15837.284,357.603,15092171.0,42.729,19.6,2.822,1.882,1899.775,307.846,1.82,61.49
Guinea,75,245857.0,245720.0,GN,GIN,0.0106,0.0239,0.0018,57.7511,149.5755,324,4972609,8336967,10270728,13859341,14190612,16622388,23711700,GIN,Africa,Guinea,36397.0,440.0,2696.626,32.599,13497237.0,51.755,19.0,3.135,1.733,1998.926,336.717,2.42,61.6
Rwanda,76,26338.0,24670.0,RW,RWA,0.0101,0.0231,0.0018,571.3289,1479.7417,646,5247532,8109989,10309031,13776698,14094683,16375704,23030046,RWA,Africa,Rwanda,129551.0,1458.0,9757.906,109.818,13276517.0,494.869,20.3,2.974,1.642,1854.211,191.375,4.28,69.02
Benin,77,112622.0,112760.0,BJ,BEN,0.0115,0.027,0.0017,121.6107,314.9718,204,3833939,6998023,9445710,13352864,13712828,16393827,25264035,BEN,Africa,Benin,26575.0,163.0,2134.361,13.091,12451031.0,99.11,18.8,3.244,1.942,2064.236,235.848,0.99,61.77
Burundi,78,27834.0,25680.0,BI,BDI,0.0111,0.0271,0.0017,515.5202,1335.1973,108,4312834,6307659,9126605,12889576,13238559,15800530,24208671,BDI,Africa,Burundi,38150.0,38.0,3112.906,3.101,12255429.0,423.062,17.5,2.562,1.504,702.225,293.068,6.05,61.58
Tunisia,79,163610.0,155360.0,TN,TUN,0.0035,0.0083,0.0016,80.1894,207.6905,788,6578156,9893316,10895063,12356117,12458223,13100768,14315779,TUN,Africa,Tunisia,1005167.0,27922.0,84214.718,2339.356,11935764.0,74.228,32.7,8.001,5.075,10849.297,318.991,8.52,76.7
Bolivia,80,1098581.0,1083300.0,BO,BOL,0.0057,0.0135,0.0015,11.436,29.6191,68,5736088,8592656,10223270,12224110,12388571,13625507,16609854,BOL,South America,Bolivia,894551.0,21455.0,75598.398,1813.159,11832936.0,10.202,25.4,6.704,4.393,6885.829,204.299,6.89,71.51
Haiti,81,27750.0,27560.0,HT,HTI,0.0045,0.0121,0.0015,425.4268,1101.8554,332,5646676,8360225,9842880,11584996,11724763,12700006,15087520,HTI,North America,Haiti,30385.0,823.0,2632.632,71.307,11541683.0,398.448,24.3,4.8,2.954,1653.173,430.548,6.65,64.0
Belgium,82,30528.0,30280.0,BE,BEL,0.0009,0.0026,0.0015,385.9359,999.5741,56,9828986,10264343,10877947,11655930,11686140,11873460,12090657,BEL,Europe,Belgium,3586292.0,30259.0,308303.733,2601.284,11632334.0,375.564,41.8,18.571,12.849,42658.576,114.898,4.29,81.63
Jordan,83,89342.0,88794.0,JO,JOR,0.0014,0.0045,0.0014,127.6781,330.6864,400,2216903,5056174,6931258,11285869,11337052,11933395,15005941,JOR,Asia,Jordan,1638228.0,13849.0,159531.063,1348.619,10269022.0,109.285,23.2,3.81,2.361,8337.49,208.257,11.75,74.53
Dominican Republic,84,48671.0,48310.0,DO,DOM,0.0032,0.0093,0.0014,234.5885,607.5843,214,5755800,8540791,9775755,11228821,11332972,11982523,13180541,DOM,North America,Dominican Republic,575883.0,4371.0,52574.223,399.043,10953714.0,222.873,27.6,6.981,4.419,14600.861,266.653,8.2,74.08
Cuba,85,109884.0,103800.0,CU,CUB,-0.0006,-0.0016,0.0014,107.8463,279.322,192,9809107,11105791,11290417,11212191,11194449,11016041,10028085,CUB,North America,Cuba,1072474.0,8499.0,94762.464,750.961,11317498.0,110.408,43.1,14.738,9.719,,190.968,8.27,78.8
South Sudan,86,619745.0,631930.0,SS,SSD,0.0058,0.0161,0.0014,17.5475,45.448,728,4192012,6114440,9714419,10913164,11088796,12570402,17460846,SSD,Africa,South Sudan,16999.0,137.0,1493.58,12.037,11381377.0,,19.2,3.441,2.032,1569.888,280.775,10.43,57.85
Sweden,87,450295.0,407283.5,SE,SWE,0.002,0.0059,0.0013,26.0558,67.4844,752,8311763,8871043,9381729,10549347,10612086,11007228,11902033,SWE,Europe,Sweden,2455966.0,17512.0,241725.154,1723.595,10160159.0,24.718,41.0,19.985,13.433,46949.283,133.982,4.79,82.8
Honduras,88,112492.0,111890.0,HN,HND,0.0053,0.0154,0.0013,94.6805,245.2224,340,3777990,6656725,8450933,10432860,10593798,11724522,14258514,HND,North America,Honduras,413699.0,10785.0,41110.926,1071.749,10062994.0,82.805,24.9,4.652,2.883,4541.795,240.208,7.21,75.27
Czech Republic,89,78865.0,77198.5,CZ,CZE,0.0003,0.0001,0.0013,135.9521,352.1158,203,10270060,10234710,10464749,10493986,10495295,10515199,10577126,CZE,Europe,Czechia,3624937.0,38892.0,338003.551,3626.445,10724553.0,137.176,43.3,19.027,11.58,32605.906,227.485,6.82,79.38
Azerbaijan,90,86600.0,82646.0,AZ,AZE,0.0017,0.0053,0.0013,125.991,326.3167,31,6383060,8190337,9237202,10358074,10412651,10711138,10867296,AZE,Asia,Azerbaijan,788958.0,9500.0,77172.205,929.246,10223344.0,119.309,32.4,6.018,3.871,15847.419,559.812,7.11,73.0
Greece,91,131990.0,128900.0,GR,GRC,-0.0012,-0.0042,0.0013,80.2271,207.7883,300,9307148,11038109,11033783,10384971,10341277,10059703,9144951,GRC,Europe,Greece,2499259.0,26143.0,240991.223,2520.841,10370747.0,83.479,45.3,20.396,14.524,24574.382,175.695,4.55,82.24
Papua New Guinea,92,462840.0,452860.0,PG,PNG,0.0059,0.0185,0.0013,22.8104,59.079,598,3104788,5508297,7583269,10142619,10329931,11615322,14910369,PNG,Oceania,Papua New Guinea,41421.0,638.0,4542.272,69.964,9119005.0,18.22,22.6,3.808,2.142,3823.194,561.494,17.65,64.5
Portugal,93,92090.0,91605.6,PT,PRT,-0.0008,-0.0023,0.0013,111.8666,289.7344,620,9785252,10300626,10588401,10270865,10247605,10062183,9261305,PRT,Europe,Portugal,3322134.0,21182.0,326726.904,2083.218,10167923.0,112.371,46.2,21.502,14.924,27936.896,127.842,9.85,82.05
Hungary,94,93028.0,91260.0,HU,HUN,-0.0057,0.019,0.0013,111.2891,288.2386,348,10698679,10202055,9986825,9967308,10156239,9642912,8817396,HUN,Europe,Hungary,1800046.0,44286.0,186839.914,4596.767,9634162.0,108.043,43.4,18.577,11.976,26777.561,278.296,7.55,76.88
Tajikistan,95,143100.0,138790.0,TJ,TJK,0.006,0.0192,0.0013,73.0855,189.2916,762,4045965,6272998,7621779,9952787,10143543,11421430,15200989,TJK,Asia,Tajikistan,17786.0,125.0,1824.275,12.821,9749625.0,64.281,23.3,3.466,2.155,2896.913,427.698,7.11,71.1
United Arab Emirates,96,83600.0,71020.0,AE,ARE,0.0024,0.008,0.0012,134.0027,347.067,784,1014048,3275333,8481771,9441129,9516871,10004319,11449471,ARE,Asia,United Arab Emirates,882477.0,2301.0,88326.461,230.305,9991083.0,112.442,34.0,1.144,0.526,67293.483,317.84,17.26,77.97
Belarus,97,207600.0,202980.0,BY,BLR,-0.0014,-0.0039,0.0012,46.794,121.1964,112,9817257,10256483,9731427,9534954,9498238,9206170,8409632,BLR,Europe,Belarus,929340.0,6550.0,98417.144,693.645,9442867.0,46.858,40.3,14.799,9.788,17167.967,443.129,5.18,74.79
Israel,98,20770.0,21640.0,IL,ISR,0.0043,0.0151,0.0011,423.9612,1098.0595,376,3744608,6116958,7328445,9038309,9174520,10134951,12991790,ISR,Asia,Israel,3669112.0,10274.0,394910.343,1105.801,9291000.0,402.606,30.6,11.733,7.359,33132.32,93.32,6.74,82.97
Togo,99,56785.0,54390.0,TG,TGO,0.0065,0.0232,0.0011,166.4607,431.1333,768,2838110,5008035,6571855,8848699,9053799,10558178,15478883,TGO,Africa,Togo,36815.0,272.0,4342.292,32.082,8478242.0,143.366,19.4,2.839,1.525,1429.813,280.033,6.15,61.04
Austria,100,83871.0,82520.0,AT,AUT,0.0006,0.0022,0.0011,108.5671,281.1889,40,7547561,8010428,8362829,8939617,8958960,9054576,8924190,AUT,Europe,Austria,2839297.0,14986.0,313974.831,1657.18,9043072.0,106.749,44.4,19.202,13.748,45436.686,145.183,6.35,81.54
Switzerland,101,41284.0,39516.0,CH,CHE,0.0018,0.0064,0.0011,222.6103,576.5607,756,6319113,7182059,7822435,8740472,8796669,9143698,9753753,CHE,Europe,Switzerland,2890568.0,13174.0,331658.538,1511.561,8715494.0,214.243,43.1,18.436,12.644,57410.166,99.739,5.59,83.78
Sierra Leone,102,71740.0,72180.0,SL,SLE,0.0059,0.0215,0.0011,121.794,315.4465,694,3367477,4584067,6436698,8605718,8791092,10105188,13595023,SLE,Africa,Sierra Leone,7665.0,125.0,941.491,15.354,8141343.0,104.7,19.1,2.538,1.285,1390.3,325.721,2.42,54.7
Laos,103,236800.0,230800.0,LA,LAO,0.0033,0.0139,0.001,33.0753,85.665,418,3297519,5430853,6323418,7529475,7633779,8321287,9775552,LAO,Asia,Laos,143969.0,628.0,19509.692,85.102,7379358.0,29.715,24.4,4.029,2.322,6397.36,368.111,4.0,67.92
Hong Kong,104,1104.0,1050.0,HK,HKG,0.0002,0.0004,0.0009,7134.8657,18479.3022,344,4978544,6731195,7132438,7488865,7491609,7485887,6975391,HKG,Asia,Hong Kong,440609.0,1774.0,58337.173,234.88,7552800.0,7039.714,44.8,16.303,10.158,56054.92,,8.33,84.86
Serbia,105,88361.0,87460.0,RS,SRB,-0.002,-0.01,0.0009,81.7411,211.7095,688,7777010,7935022,7653748,7221365,7149077,6832604,5777806,SRB,Europe,Serbia,1923977.0,15405.0,279991.827,2241.853,6871547.0,80.291,41.2,17.366,,14048.881,439.415,10.08,76.0
Nicaragua,106,130373.0,120340.0,NI,NIC,0.0031,0.0141,0.0009,58.5533,151.6532,558,3303309,5123222,5855734,6948392,7046310,7688686,9094641,NIC,North America,Nicaragua,18105.0,225.0,2701.28,33.57,6702379.0,51.667,27.3,5.445,3.519,5321.444,137.016,11.47,74.48
Libya,107,1759540.0,1759540.0,LY,LBY,0.0024,0.0112,0.0009,3.9149,10.1395,434,2962720,5154790,6491988,6812341,6888388,7394813,8539976,LBY,Africa,Libya,497279.0,6288.0,71463.144,903.638,6958538.0,3.623,29.0,4.424,2.816,17881.509,341.862,10.43,72.91
Paraguay,108,406752.0,397300.0,PY,PRY,0.0027,0.0119,0.0009,17.2704,44.7303,600,3078912,5123819,5768613,6780744,6861524,7425448,8591486,PRY,South America,Paraguay,643619.0,18460.0,89148.339,2556.914,7219641.0,17.144,26.5,6.378,3.833,8827.01,199.128,8.27,74.25
Kyrgyzstan,109,199951.0,191800.0,KG,KGZ,0.0033,0.0158,0.0008,35.1165,90.9518,417,3691209,4935182,5483774,6630623,6735347,7435378,9426858,KGZ,Asia,Kyrgyzstan,200615.0,2963.0,30266.219,447.019,6628347.0,32.333,26.3,4.489,2.882,3393.474,436.362,7.11,71.45
Bulgaria,110,110879.0,108560.0,BG,BGR,-0.0027,-0.0139,0.0008,61.6039,159.554,100,8980606,8097691,7592273,6781953,6687717,6290166,5187392,BGR,Europe,Bulgaria,1100811.0,35811.0,159615.205,5192.517,6896655.0,65.18,44.7,20.801,13.272,18563.307,424.688,5.81,75.05
Turkmenistan,111,488100.0,469930.0,TM,TKM,0.0026,0.0133,0.0008,13.8661,35.9132,795,2862903,4569132,5267970,6430770,6516100,7034758,8263833,TKM,Asia,Turkmenistan,,,,,6117933.0,12.253,26.9,4.277,2.541,16389.023,536.783,7.11,68.19
El Salvador,112,21041.0,20720.0,SV,SLV,0.001,0.0045,0.0008,307.1884,795.6179,222,4508992,5958482,6114034,6336392,6364943,6554224,6636854,SLV,North America,El Salvador,156364.0,4086.0,23987.727,626.831,6518500.0,307.811,27.6,8.273,5.417,7292.458,167.295,8.87,73.32
Republic of the Congo,113,342000.0,341500.0,CG,COG,0.0043,0.0229,0.0008,17.8825,46.3156,178,1829256,3134030,4437884,5970424,6106869,7114987,10378912,COG,Africa,Congo,24020.0,378.0,4246.054,66.82,5657017.0,15.405,19.0,3.402,2.063,4881.406,344.094,7.2,64.57
Singapore,114,710.0,718.0,SG,SGP,0.0012,0.0065,0.0008,8377.0515,21696.5635,702,2400729,4053602,5163590,5975689,6014723,6251988,6337235,SGP,Asia,Singapore,819663.0,1073.0,150297.602,196.751,5453600.0,7915.731,42.4,12.922,7.049,85535.383,92.243,10.99,83.62
Denmark,115,43094.0,40000.0,DK,DNK,0.0009,0.0049,0.0007,147.7728,382.7316,208,5125392,5340655,5550849,5882261,5910913,6104474,6445109,DNK,Europe,Denmark,2853236.0,4830.0,490811.59,830.853,5813302.0,136.52,42.3,19.677,12.325,46682.515,114.767,6.41,80.9
Slovakia,116,49037.0,49035.0,SK,SVK,-0.0033,0.0269,0.0007,118.1849,306.099,703,4973883,5376690,5396424,5643453,5795199,5555114,5186967,SVK,Europe,Slovakia,2190599.0,18663.0,401998.616,3424.862,5449270.0,113.128,41.2,15.07,9.167,30155.152,287.959,7.29,77.54
Central African Republic,117,622984.0,622980.0,CF,CAF,0.0053,0.0292,0.0007,9.2175,23.8733,140,2415276,3759170,4660067,5579144,5742315,7104274,11533423,CAF,Africa,Central African Republic,14320.0,113.0,2910.577,22.968,4919987.0,7.479,18.3,3.655,2.251,661.24,435.727,6.1,53.28
Finland,118,338424.0,303940.0,FI,FIN,0.0001,0.0009,0.0007,18.2453,47.2553,246,4779418,5176209,5363271,5540745,5545475,5565475,5460917,FIN,Europe,Finland,671773.0,2387.0,121075.936,430.217,5548361.0,18.136,42.8,21.228,13.264,40585.721,153.507,5.76,81.91
Norway,119,323802.0,364285.0,NO,NOR,0.0013,0.0074,0.0007,15.0277,38.9217,578,4085776,4491202,4889741,5434319,5474360,5748397,6367559,NOR,Europe,Norway,1305006.0,1664.0,238765.932,304.448,5465629.0,14.462,39.7,16.821,10.813,64800.057,114.316,5.31,82.4
Liberia,120,111369.0,96320.0,LR,LBR,0.0037,0.0218,0.0007,56.2539,145.6976,430,1932169,2895224,4019956,5302681,5418377,6282074,8890700,LBR,Africa,Liberia,7384.0,294.0,1425.425,56.754,5180208.0,49.127,19.2,3.057,1.756,752.788,272.509,2.42,64.1
Palestine,121,6220.0,6020.0,PS,PSE,0.0039,0.0231,0.0007,892.2309,2310.878,275,1453620,3139954,3992278,5250072,5371230,6256949,8861747,PSE,Asia,Palestine,649971.0,5557.0,124449.812,1063.998,5222756.0,778.202,20.4,3.043,1.726,4449.898,265.91,10.59,74.05
Lebanon,122,10452.0,10230.0,LB,LBN,-0.0045,-0.0247,0.0007,523.3558,1355.4916,422,2963702,4320642,4995800,5489739,5353930,4714240,4937579,LBN,Asia,Lebanon,1077242.0,10142.0,159139.898,1498.268,6769151.0,594.561,31.1,8.514,5.43,13367.565,266.591,12.71,78.93
New Zealand,123,270467.0,263310.0,NZ,NZL,0.0013,0.0083,0.0007,19.8553,51.4252,554,3147168,3855266,4346338,5185288,5228100,5495670,5949002,NZL,Oceania,New Zealand,222767.0,65.0,43455.709,12.68,5126300.0,18.206,37.9,15.322,9.72,36085.843,128.797,8.08,82.29
Costa Rica,124,51100.0,51060.0,CR,CRI,0.0011,0.006,0.0007,102.0794,264.3856,188,2414303,3979193,4622252,5180829,5212173,5432243,5702525,CRI,North America,Costa Rica,814583.0,8082.0,158508.387,1572.663,5139053.0,96.079,33.6,9.468,5.694,15524.995,137.973,8.78,80.28
Ireland,125,70273.0,68890.0,IE,IRL,0.0011,0.0067,0.0006,73.4059,190.1214,372,3391387,3768950,4524585,5023109,5056935,5266881,5724686,IRL,Europe,Ireland,1315100.0,6531.0,263922.403,1310.681,4982904.0,69.874,38.7,13.928,8.678,67335.293,126.459,3.28,82.3
Mauritania,126,1030700.0,1030700.0,MR,MRT,0.0041,0.0268,0.0006,4.7181,12.22,478,1506694,2695003,3419461,4736139,4862989,5830563,8914673,MRT,Africa,Mauritania,58646.0,980.0,12281.602,205.231,4775110.0,4.289,20.3,3.138,1.792,3597.633,232.347,2.42,64.92
Oman,127,309500.0,309500.0,OM,OMN,0.0022,0.0149,0.0006,15.0061,38.8658,512,1017462,2344253,2881914,4576298,4644384,5093376,6328978,OMN,Asia,Oman,383874.0,4248.0,73491.55,813.267,5223376.0,14.98,30.7,2.355,1.53,37960.709,266.342,12.61,77.86
Panama,128,75417.0,74180.0,PA,PAN,0.0019,0.0135,0.0006,60.233,156.0036,591,1956987,3001731,3623617,4408581,4468087,4864126,5736121,PAN,North America,Panama,757487.0,8111.0,172879.756,1851.157,4381583.0,55.133,29.7,7.918,5.03,22267.037,128.346,8.33,78.51
Kuwait,129,17818.0,17820.0,KW,KWT,0.0013,0.0097,0.0005,241.8691,626.4411,414,1493870,1934901,2943356,4268873,4310108,4564570,5155414,KWT,Asia,Kuwait,622489.0,2544.0,143809.952,587.725,4328553.0,232.128,33.7,2.345,1.114,65530.537,132.235,15.84,75.49
Croatia,130,56594.0,55960.0,HR,HRV,-0.0007,-0.0054,0.0005,71.6336,185.5311,191,4680144,4548434,4368682,4030358,4008617,3850140,3333425,HRV,Europe,Croatia,1062953.0,15194.0,260421.932,3722.508,4081657.0,73.726,44.0,19.724,13.053,22669.797,253.782,5.59,78.49
Eritrea,131,117600.0,121040.8,ER,ERI,0.0021,0.0176,0.0005,30.9722,80.218,232,1657982,2392880,3147727,3684032,3748901,4283355,5964021,ERI,Africa,Eritrea,9715.0,103.0,2697.516,28.599,3601462.0,44.304,19.3,3.607,2.171,1510.459,311.11,6.05,66.32
Georgia,132,69700.0,69490.0,GE,GEO,-0.0005,-0.0043,0.0005,53.6521,138.9588,268,5145843,4265172,3836831,3744385,3728282,3657494,3384660,GEO,Asia,Georgia,1623672.0,16338.0,407981.058,4105.259,3979773.0,65.032,38.7,14.864,10.244,9745.079,496.218,7.11,73.77
Mongolia,133,1564110.0,1557506.8,MN,MNG,0.0015,0.0144,0.0004,2.2133,5.7323,496,1697780,2450979,2702520,3398366,3447157,3736327,4518856,MNG,Asia,Mongolia,911183.0,2174.0,273687.54,652.994,3329282.0,1.98,28.6,4.031,2.421,11840.846,460.043,4.82,69.87
Moldova,134,33846.0,32884.6,MD,MDA,-0.0039,0.0498,0.0004,104.4845,270.6149,498,4103240,4251573,3678186,3272996,3435931,3174727,2997532,MDA,Europe,Moldova,504875.0,11285.0,125465.175,2804.406,4024025.0,123.655,37.6,10.864,6.955,5189.972,408.502,5.72,71.9
Uruguay,135,181034.0,175020.0,UY,URY,0.0,0.0001,0.0004,19.5584,50.6562,858,2953750,3292224,3352651,3422794,3423108,3423372,3337143,URY,South America,Uruguay,853170.0,7040.0,244801.375,2019.998,3485152.0,19.751,35.6,14.655,10.361,20551.409,160.708,6.93,77.91
Bosnia and Herzegovina,137,51209.0,51200.0,BA,BIH,-0.0006,-0.007,0.0004,62.7119,162.4237,70,4199820,4179350,3811088,3233526,3210847,3111789,2739014,BIH,Europe,Bosnia and Herzegovina,372139.0,15519.0,114032.075,4755.384,3263459.0,68.496,42.5,16.569,10.711,11713.895,329.635,10.08,77.4
Albania,138,28748.0,27400.0,AL,ALB,-0.0003,-0.0035,0.0004,103.3737,267.7378,8,2941651,3182021,2913399,2842321,2832439,2789599,2456472,ALB,Europe,Albania,272030.0,3478.0,94687.173,1210.609,2872934.0,104.871,38.0,13.188,8.643,11803.431,304.195,10.08,78.57
Jamaica,139,10991.0,10830.0,JM,JAM,0.0,-0.0006,0.0004,260.8997,675.7303,388,2135546,2612205,2733896,2827377,2825544,2804356,2493823,JAM,North America,Jamaica,128166.0,2825.0,43103.292,950.071,2973462.0,266.879,31.4,9.684,6.39,8193.571,206.537,11.28,74.47
Armenia,140,29743.0,28470.0,AM,ARM,0.0,-0.0009,0.0003,97.5753,252.7201,51,3135123,3168523,2946293,2780469,2777970,2759528,2573465,ARM,Asia,Armenia,421226.0,8528.0,141916.386,2873.191,2968128.0,102.931,35.7,11.232,7.571,8787.58,341.01,7.11,75.09
Gambia,141,10689.0,10120.0,GM,GMB,0.0022,0.0248,0.0003,274.0285,709.7337,270,718586,1437539,1937275,2705992,2773168,3263651,4673743,GMB,Africa,Gambia,11948.0,365.0,4804.303,146.767,2486937.0,207.566,17.5,2.339,1.417,1561.767,331.43,1.91,62.05
Lithuania,142,65300.0,62620.0,LT,LTU,-0.0008,-0.0115,0.0003,43.4103,112.4326,440,3521206,3599637,3139019,2750055,2718352,2558928,2187550,LTU,Europe,Lithuania,928612.0,8503.0,345226.632,3161.129,2689862.0,45.135,43.5,19.002,13.778,29524.265,342.989,3.67,75.93
Qatar,143,11586.0,11490.0,QA,QAT,0.0007,0.0079,0.0003,236.4135,612.3109,634,277450,645937,1713504,2695122,2716391,2855291,3358454,QAT,Asia,Qatar,358083.0,670.0,122190.775,228.628,2930524.0,227.322,31.9,1.307,0.617,116935.6,176.69,16.52,80.23
Botswana,144,582000.0,566730.0,BW,BWA,0.0014,0.0171,0.0003,4.7207,12.2266,72,938578,1726985,2091664,2630296,2675352,2972271,3679340,BWA,Africa,Botswana,263950.0,2619.0,110105.788,1092.506,2397240.0,4.044,25.8,3.941,2.242,15807.374,237.372,4.81,69.59
Namibia,145,825615.0,823290.0,,NAM,0.0012,0.0145,0.0003,3.1631,8.1925,516,975994,1819141,2099271,2567012,2604172,2910056,3779918,NAM,Africa,Namibia,157324.0,4013.0,60805.212,1551.011,2587344.0,3.078,22.0,3.552,2.085,9541.808,243.811,3.94,63.71
Gabon,146,267668.0,257670.0,GA,GAB,0.0015,0.0199,0.0003,9.4561,24.4914,266,749078,1272935,1711105,2388992,2436566,2774523,3757053,GAB,Africa,Gabon,47559.0,303.0,20869.929,132.963,2278829.0,7.859,23.1,4.45,2.976,16562.413,259.967,7.2,66.47
Lesotho,147,30355.0,30360.0,LS,LSO,0.0008,0.0106,0.0003,76.7562,198.7985,426,1407672,1998630,2022747,2305825,2330318,2501946,2898369,LSO,Africa,Lesotho,32707.0,697.0,15148.673,322.825,2159067.0,73.562,22.2,4.506,2.647,2851.153,405.126,3.94,54.33
Guinea-Bissau,148,36125.0,28120.0,GW,GNB,0.0014,0.0215,0.0003,76.488,198.1039,624,831462,1230849,1567220,2105566,2150842,2484863,3445289,GNB,Africa,Guinea-Bissau,8027.0,167.0,3982.654,82.858,2015490.0,66.191,19.4,3.002,1.565,1548.675,382.474,2.42,58.32
Slovenia,149,20273.0,20136.4,SI,SVN,0.0,-0.0001,0.0003,105.2658,272.6385,705,1901570,1984339,2057287,2119844,2119675,2105945,2003258,SVN,Europe,Slovenia,902744.0,6351.0,434278.16,3055.241,2078723.0,102.619,44.5,19.062,12.93,31400.84,153.493,7.25,81.32
North Macedonia,150,25713.0,25220.0,MK,MKD,-0.0002,-0.0038,0.0003,82.6994,214.1915,807,1907023,2037936,2093828,2093599,2085679,2072256,1909309,MKD,Europe,North Macedonia,299419.0,9075.0,143767.517,4357.406,2082661.0,82.6,39.1,13.26,8.16,13111.214,322.688,10.08,75.8
Latvia,151,64559.0,62230.0,LV,LVA,-0.0006,-0.011,0.0002,29.4104,76.173,428,2572037,2392530,2101530,1850651,1830211,1701338,1433728,LVA,Europe,Latvia,697548.0,5348.0,373632.919,2864.59,1866934.0,31.212,43.9,19.754,14.136,25063.846,350.06,4.91,75.29
Equatorial Guinea,152,28051.0,28050.0,GQ,GNQ,0.0013,0.0237,0.0002,61.1291,158.3243,226,282509,684977,1094524,1674908,1714671,1999678,2790533,GNQ,Africa,Equatorial Guinea,15889.0,183.0,10958.755,126.216,1449891.0,45.194,22.4,2.846,1.752,22604.873,202.812,7.78,58.74
Trinidad and Tobago,153,5130.0,5130.0,TT,TTO,0.0001,0.0025,0.0002,299.208,774.9487,780,1127852,1332203,1410296,1531044,1534937,1547690,1485139,TTO,North America,Trinidad and Tobago,129963.0,3652.0,92607.53,2602.3,1403374.0,266.886,36.2,10.014,5.819,28763.071,228.467,10.97,73.51
Bahrain,154,765.0,785.0,BH,BHR,0.0004,0.009,0.0002,1892.3682,4901.2335,48,362595,711442,1213645,1472233,1485509,1574679,1809237,BHR,Asia,Bahrain,525171.0,1458.0,300390.38,833.955,1748295.0,1935.907,32.4,2.372,1.387,43290.705,151.689,16.52,77.29
Timor-Leste,155,14874.0,14870.0,TL,TLS,0.0006,0.0144,0.0002,91.4994,236.9834,626,642224,878360,1088486,1341296,1360596,1495081,1806869,TLS,Asia,Timor,22741.0,129.0,16921.961,95.991,1343875.0,87.176,18.0,3.556,1.897,6570.102,335.346,6.86,69.5
Estonia,156,45227.0,42750.0,EE,EST,-0.0001,-0.0025,0.0002,30.9419,80.1394,233,1476983,1396877,1331535,1326062,1322765,1289441,1171695,EST,Europe,Estonia,514067.0,2290.0,387920.054,1728.057,1325188.0,31.033,42.7,19.452,13.491,29481.252,255.569,4.02,78.74
Mauritius,157,2040.0,2030.0,MU,MUS,0.0,0.0008,0.0002,640.6685,1659.3313,480,954865,1215930,1283330,1299469,1300557,1305425,1226235,MUS,Africa,Mauritius,70862.0,786.0,55646.648,617.232,1273428.0,622.962,37.4,10.945,5.884,20292.745,224.644,22.02,74.99
Cyprus,158,9251.0,9240.0,CY,CYP,0.0003,0.0069,0.0002,136.3786,353.2205,196,679327,948237,1129686,1251488,1260138,1311784,1391785,CYP,Europe,Cyprus,331508.0,875.0,369984.542,976.557,896005.0,127.657,37.3,13.416,8.563,32415.132,141.171,9.24,80.98
Eswatini,159,17364.0,17200.0,SZ,SWZ,0.0003,0.0076,0.0002,70.3966,182.3273,748,598564,1030496,1099920,1201670,1210822,1305985,1655121,SWZ,Africa,Eswatini,69297.0,1391.0,59108.523,1186.487,1172369.0,79.492,21.5,3.163,1.845,7738.975,333.436,3.94,60.19
Djibouti,160,23200.0,23180.0,DJ,DJI,0.0005,0.0139,0.0001,49.0274,126.981,262,324121,742033,919199,1120849,1136455,1247129,1502575,DJI,Africa,Djibouti,15550.0,189.0,15515.912,188.586,1002197.0,41.285,25.4,4.213,2.38,2705.406,258.037,6.05,67.11
Fiji,162,18272.0,18270.0,FJ,FJI,0.0002,0.0071,0.0001,51.2521,132.7428,242,644582,832509,905169,929766,936375,986172,1094174,FJI,Oceania,Fiji,64019.0,834.0,70903.833,923.691,902899.0,49.562,28.6,6.224,3.284,8702.975,412.82,14.49,67.44
Comoros,163,1862.0,1861.0,KM,COM,0.0005,0.0183,0.0001,457.8587,1185.854,174,328328,536758,656024,836774,852075,959412,1246207,COM,Africa,Comoros,8047.0,160.0,9057.286,180.088,888456.0,437.352,20.4,2.963,1.726,1413.89,261.516,11.88,64.32
Guyana,164,214969.0,196850.0,GY,GUY,0.0002,0.0063,0.0001,4.1343,10.7078,328,778176,759051,747932,808726,813834,848033,878746,GUY,South America,Guyana,63040.0,1223.0,79764.25,1547.457,790329.0,3.952,26.3,5.305,2.837,7435.047,373.159,11.62,69.91
Bhutan,165,38394.0,38140.0,BT,BTN,0.0002,0.0064,0.0001,20.6456,53.4722,64,415257,587207,705516,782455,787424,821498,874294,BTN,Asia,Bhutan,14451.0,7.0,18529.299,8.976,779900.0,21.188,28.6,4.885,2.977,8708.597,217.066,9.75,71.78
Solomon Islands,166,28896.0,27990.0,SB,SLB,0.0005,0.0223,0.0001,26.4532,68.5137,90,233668,429978,540394,724273,740424,856264,1225407,SLB,Oceania,Solomon Islands,7940.0,115.0,11278.489,163.353,703995.0,21.841,20.8,3.507,2.043,2205.923,459.78,18.68,73.0
Macau,167,32.9,32.9,MO,MAC,0.0003,0.0129,0.0001,21402.7052,55433.0064,446,245332,431896,557297,695168,704149,763371,881666,MAC,Asia,Macao,82.0,,124.546,,658391.0,20546.766,39.2,9.798,4.991,104861.851,,,84.24
Luxembourg,168,2586.0,2574.5,LU,LUX,0.0002,0.0111,0.0001,254.3282,658.7101,442,363741,435628,507070,647599,654768,697086,781910,LUX,Europe,Luxembourg,186360.0,996.0,293566.304,1568.964,634814.0,231.447,39.7,14.312,9.842,94277.965,128.275,4.42,82.25
Montenegro,169,13812.0,13450.0,ME,MNE,0.0,-0.001,0.0001,46.5788,120.6391,499,589324,633324,631044,627082,626485,621696,586385,MNE,Europe,Montenegro,230887.0,2685.0,367624.604,4275.131,628051.0,46.28,39.1,14.762,9.395,16409.288,387.305,10.08,76.88
Suriname,170,163820.0,156000.0,SR,SUR,0.0002,0.0084,0.0001,3.9951,10.3473,740,375112,478998,546080,618040,623236,659508,725519,SUR,South America,Suriname,78487.0,1318.0,132624.646,2227.111,591798.0,3.612,29.6,6.933,4.229,13767.119,258.314,12.54,71.68
Cape Verde,171,4033.0,4033.0,CV,CPV,0.0002,0.0093,0.0001,148.4458,384.4747,132,317234,458251,521212,593149,598682,638840,727457,CPV,Africa,Cape Verde,55892.0,401.0,99469.479,713.649,561901.0,135.58,25.7,4.46,3.437,6222.554,182.219,2.42,72.98
Malta,173,316.0,320.0,MT,MLT,0.0001,0.0033,0.0001,1672.075,4330.6743,470,333587,399212,418755,533286,535064,543425,522737,MLT,Europe,Malta,71800.0,608.0,139120.326,1178.066,516100.0,1454.037,42.4,19.426,11.324,36513.323,168.711,8.83,82.53
Maldives,174,300.0,300.0,MV,MDV,-0.0001,-0.0053,0.0001,1736.7367,4498.148,462,164887,282507,361575,523787,521021,512683,569909,MDV,Asia,Maldives,172270.0,297.0,316894.154,546.338,543620.0,1454.433,30.6,4.12,2.875,15183.616,164.905,9.19,78.92
Brunei,175,5765.0,5270.0,BN,BRN,0.0001,0.0078,0.0001,85.8679,222.3979,96,187921,333926,396053,449002,452524,473312,498373,BRN,Asia,Brunei,84844.0,140.0,192158.213,317.078,441532.0,81.347,32.4,4.591,2.382,71809.251,201.285,12.79,75.86
Bahamas,176,13943.0,10010.0,BS,BHS,0.0001,0.0064,0.0001,41.2211,106.7626,44,223752,325014,373272,409984,412623,429846,450625,BHS,North America,Bahamas,33169.0,771.0,83567.221,1942.486,396914.0,39.497,34.3,8.996,5.2,27717.847,235.954,13.17,73.92
Belize,177,22966.0,22810.0,BZ,BLZ,0.0002,0.0137,0.0001,18.0107,46.6478,84,145133,240406,322106,405272,410825,450428,538838,BLZ,North America,Belize,56876.0,651.0,140464.048,1607.745,404915.0,16.426,25.0,3.853,2.279,7824.362,176.957,17.11,74.62
Iceland,179,103000.0,100830.0,IS,ISL,0.0001,0.0065,0.0,3.7223,9.6407,352,228263,281462,318333,372899,375318,390338,408783,ISL,Europe,Iceland,140929.0,68.0,382136.814,184.386,368792.0,3.404,37.3,14.431,9.207,46482.958,117.992,5.31,82.99
Vanuatu,182,12189.0,12190.0,VU,VUT,0.0002,0.0238,0.0,27.441,71.0722,548,118156,192074,245453,326740,334506,391135,578567,VUT,Oceania,Vanuatu,18.0,1.0,57.24,3.18,314464.0,22.662,23.1,4.394,2.62,2921.909,546.3,12.02,70.47
French Polynesia,184,4167.0,3471.0,PF,PYF,0.0001,0.0085,0.0,88.9865,230.4749,258,163591,250927,283788,306279,308872,324860,346933,PYF,Oceania,French Polynesia,68425.0,642.0,242183.242,2272.293,282534.0,77.324,32.7,7.775,4.593,,,22.63,77.66
New Caledonia,185,18575.0,18280.0,NC,NCL,0.0001,0.0105,0.0,16.028,41.5124,540,148599,221537,261426,289950,292991,312529,353191,NCL,Oceania,New Caledonia,56833.0,302.0,197188.23,1047.822,288217.0,15.342,33.4,9.954,6.489,,,23.36,77.55
Barbados,186,430.0,430.0,BB,BRB,0.0,0.0013,0.0,655.8023,1698.528,52,253575,264657,274711,281635,281995,283082,267788,BRB,North America,Barbados,56013.0,319.0,194686.974,1108.763,287708.0,664.463,39.8,14.952,9.473,16978.068,170.05,13.57,79.19
Sao Tome and Principe,187,964.0,960.0,ST,STP,0.0001,0.0197,0.0,241.5167,625.5282,678,97210,143714,182138,227380,231856,265036,366663,STP,Africa,Sao Tome and Principe,5939.0,72.0,26588.886,322.344,223364.0,212.841,18.7,2.886,2.162,3052.714,270.113,2.42,70.39
Samoa,188,2842.0,2780.0,WS,WSM,0.0001,0.0148,0.0,81.1802,210.2568,882,164905,184008,194672,222382,225681,248627,320016,WSM,Oceania,Samoa,33.0,,164.881,,200144.0,69.413,22.0,5.606,3.564,6021.557,348.977,9.21,73.32
Curacao,189,444.0,444.0,CW,CUW,0.0,0.0048,0.0,432.6059,1120.4492,531,156851,141424,159380,191163,192077,197829,204084,CUW,North America,Curacao,39133.0,264.0,237463.288,1601.981,164796.0,362.644,41.7,16.367,10.068,,,11.62,78.88
Saint Lucia,190,616.0,610.0,LC,LCA,0.0,0.0022,0.0,295.4934,765.328,662,121633,159500,170935,179857,180251,183274,177856,LCA,North America,Saint Lucia,22733.0,360.0,123280.243,1952.267,184401.0,293.187,34.9,9.721,6.405,12951.839,204.62,11.62,76.2
Kiribati,192,811.0,810.0,KI,KIR,0.0001,0.0174,0.0,164.8333,426.9183,296,60813,88826,107995,131232,133515,148720,188570,KIR,Oceania,Kiribati,2985.0,11.0,24590.569,90.619,121388.0,143.701,23.2,3.895,2.21,1981.132,434.657,22.66,68.37
Grenada,193,344.0,340.0,GD,GRD,0.0,0.0059,0.0,371.1265,961.2176,308,94838,107432,114039,125438,126183,130367,136253,GRD,North America,Grenada,13690.0,216.0,121134.363,1911.251,113015.0,317.132,29.4,7.304,5.021,13593.877,243.964,10.71,72.4
Micronesia,194,702.0,700.0,FM,FSM,0.0,0.0093,0.0,164.6057,426.3288,583,76299,111709,107588,114164,115224,122704,135457,FSM,Oceania,Micronesia (country),1.0,,8.602,,116255.0,150.777,23.0,4.81,2.392,3299.464,454.343,12.02,67.88
Jersey,195,116.0,120.0,JE,JEY,0.0,0.0092,0.0,931.6833,2413.0598,832,75124,86192,96151,110778,111802,119047,135441,JEY,Europe,Jersey,,,,,101073.0,,,,,,,,
Tonga,196,747.0,720.0,TO,TON,0.0,0.0086,0.0,149.6847,387.6834,776,96708,102603,107383,106858,107773,114124,131225,TON,Oceania,Tonga,898.0,,8411.469,,106759.0,150.028,22.3,5.82,4.032,5425.621,227.49,15.42,70.91
Seychelles,197,452.0,460.0,SC,SYC,0.0,0.0051,0.0,234.0435,606.1726,690,65290,80060,92409,107118,107660,111317,116644,SYC,Africa,Seychelles,39427.0,163.0,398614.902,1647.963,98910.0,208.354,36.2,8.606,5.586,26382.287,242.648,10.55,73.4
Aruba,198,180.0,180.0,AW,ABW,0.0,-0.0016,0.0,590.4278,1529.2079,533,62267,89101,100341,106445,106277,104924,94185,ABW,North America,Aruba,33732.0,212.0,314678.856,1977.704,107195.0,584.8,41.2,13.085,7.452,35973.781,,11.62,76.29
Saint Vincent and the Grenadines,199,389.0,390.0,VC,VCT,0.0,-0.0024,0.0,265.8923,688.6611,670,107480,113813,109308,103948,103698,104322,101691,VCT,North America,Saint Vincent and the Grenadines,8316.0,106.0,74737.798,952.646,111269.0,281.787,31.8,7.724,4.832,10727.146,252.675,11.62,72.53
Antigua and Barbuda,201,442.0,440.0,AG,ATG,0.0,0.0057,0.0,214.3136,555.0723,28,64889,75055,85695,93763,94298,97510,99030,ATG,North America,Antigua and Barbuda,7455.0,135.0,75510.493,1367.393,98728.0,231.845,32.1,6.933,4.631,21490.943,191.511,13.17,77.02
Isle of Man,202,572.0,570.0,IM,IMN,0.0,0.0023,0.0,148.614,384.9104,833,64022,75562,83828,84519,84710,85798,86680,IMN,Europe,Isle of Man,23328.0,80.0,273129.61,936.658,85410.0,147.872,,,,,,,81.4
Andorra,203,468.0,470.0,AD,AND,0.0,0.0033,0.0,170.4,441.336,20,35611,66097,71519,79824,80088,81528,80504,AND,Europe,Andorra,38434.0,151.0,496858.598,1952.065,77354.0,163.755,,,,,109.135,7.97,83.73
Dominica,204,751.0,750.0,DM,DMA,0.0,0.0042,0.0,97.3867,252.2315,212,72978,68346,68755,72737,73040,74988,74167,DMA,North America,Dominica,11248.0,61.0,155849.914,845.203,72172.0,98.567,,,,9673.367,227.376,11.62,75.0
Cayman Islands,205,264.0,240.0,KY,CYM,0.0,0.0088,0.0,288.7917,747.9704,136,17100,39658,54074,68706,69310,72865,77633,CYM,North America,Cayman Islands,19373.0,17.0,291332.07,255.647,66498.0,256.496,,,,49903.029,,13.22,83.92
Bermuda,206,54.0,54.0,BM,BMU,0.0,-0.0018,0.0,1186.463,3072.9391,60,53565,61371,63447,64184,64069,62806,56041,BMU,North America,Bermuda,11634.0,123.0,187367.133,1980.932,62092.0,1308.82,,,,50669.315,139.547,13.0,82.59
Guernsey,207,78.0,63.0,GG,GGY,0.0,0.0038,0.0,1008.6349,2612.3644,831,52860,59114,60782,63301,63544,65141,66496,GGY,Europe,Guernsey,,,,,63385.0,,,,,,,,
Greenland,208,2166086.0,410450.0,GL,GRL,0.0,0.0031,0.0,0.138,0.3574,304,50106,56184,56351,56466,56643,57152,53997,GRL,North America,Greenland,11806.0,20.0,207603.573,351.692,56868.0,0.137,,,,,199.941,2.16,71.7
Faroe Islands,209,1393.0,1366.0,FO,FRO,0.0,0.0034,0.0,38.9971,101.0024,234,43054,45660,48410,53090,53270,54583,59444,FRO,Europe,Faeroe Islands,34658.0,28.0,706541.904,570.811,49053.0,35.308,,,,,,,80.67
Saint Kitts and Nevis,211,261.0,260.0,KN,KNA,0.0,0.0021,0.0,183.6731,475.7133,659,43097,45461,47403,47657,47755,48247,46882,KNA,North America,Saint Kitts and Nevis,5536.0,42.0,103387.741,784.372,53546.0,212.865,,,,24654.385,,12.84,76.23
Turks and Caicos Islands,212,948.0,948.0,TC,TCA,0.0,0.0079,0.0,48.5886,125.8445,796,7598,18744,29726,45703,46062,48538,52865,TCA,North America,Turks and Caicos Islands,5867.0,36.0,149569.163,917.759,39226.0,37.312,,,,,,,80.22
Sint Maarten,213,34.0,34.0,SX,SXM,0.0,0.0011,0.0,1300.6471,3368.6759,534,12243,30489,33034,44175,44222,44946,38947,SXM,North America,Sint Maarten (Dutch part),,,,,43421.0,1209.088,,,,36327.232,,,78.95
Marshall Islands,215,181.0,180.0,MH,MHL,0.0,0.0103,0.0,233.3111,604.2758,584,31988,54224,53416,41569,41996,44733,51211,MHL,Oceania,Marshall Islands,7.0,,117.414,,59618.0,295.15,,,,3819.202,557.793,30.53,73.7
Liechtenstein,216,160.0,160.0,LI,LIE,0.0,0.0065,0.0,247.4,640.766,438,25003,33026,35926,39327,39584,41030,42287,LIE,Europe,Liechtenstein,12833.0,78.0,335468.186,2039.002,38254.0,237.012,,,,,,7.77,82.49
Monaco,217,2.02,2.0,MC,MCO,0.0,-0.0047,0.0,18148.5,47004.615,492,27076,32465,33178,36469,36297,35862,37664,MCO,Europe,Monaco,9537.0,51.0,241320.85,1290.486,39520.0,19347.5,,,,,,5.46,86.75
San Marino,218,61.0,60.0,SM,SMR,,-0.0005,0.0,560.7,1452.213,674,21346,26823,31608,33660,33642,33458,32044,SMR,Europe,San Marino,14487.0,112.0,425962.952,3293.149,34010.0,556.667,,,,56861.47,,5.64,84.97
Gibraltar,219,6.8,6.8,GI,GIB,0.0,0.0012,0.0,4807.0588,12450.2824,292,28734,27741,31262,32649,32688,32771,31356,GIB,Europe,Gibraltar,15609.0,101.0,463298.804,2997.833,33691.0,3457.1,,,,,,,79.93
British Virgin Islands,221,151.0,150.0,VG,VGB,0.0,0.0074,0.0,210.2533,544.5561,92,11109,20104,27556,31305,31538,32995,34768,VGB,North America,British Virgin Islands,6091.0,62.0,200210.367,2037.932,30423.0,207.973,,,,,,13.67,79.07
Palau,222,459.0,460.0,PW,PLW,,0.0002,0.0,39.2565,101.6744,585,12252,19726,18540,18055,18058,17919,16689,PLW,Oceania,Palau,3844.0,6.0,211510.95,330.142,18174.0,47.237,,,,13240.405,,15.89,73.7
Cook Islands,223,240.0,240.0,CK,COK,0.0,0.0019,0.0,71.0167,183.9332,184,17651,15897,17212,17011,17044,17253,17674,COK,Oceania,Cook Islands,2.0,,113.817,,17572.0,,,,,,,,76.25
Anguilla,224,91.0,91.0,AI,AIA,0.0,0.0026,0.0,174.7143,452.51,660,6560,11047,13172,15857,15899,16055,15294,AIA,North America,Anguilla,2555.0,9.0,168925.62,595.041,15125.0,,,,,,,,81.88
Nauru,225,21.0,20.0,NR,NRU,0.0,0.0088,0.0,639.0,1655.01,520,7635,10377,10241,12668,12780,13358,14695,NRU,Oceania,Nauru,,,,,10873.0,682.45,,,,12895.635,,24.07,59.96
Wallis and Futuna,226,274.0,274.0,WF,WLF,0.0,-0.006,0.0,41.9781,108.7233,876,11315,14723,13142,11572,11502,11229,11349,WLF,Oceania,Wallis and Futuna,454.0,7.0,40923.021,630.972,11094.0,,,,,,,,79.94
Tuvalu,227,26.0,30.0,TV,TUV,0.0,0.0074,0.0,379.8667,983.8547,798,7731,9638,10550,11312,11396,11917,13211,TUV,Oceania,Tuvalu,,,,,11925.0,373.067,,,,3575.104,,27.25,67.57
Saint Pierre and Miquelon,229,242.0,242.0,PM,SPM,,-0.0038,,24.1322,62.5025,666,6106,6274,6052,5862,5840,5651,5165,SPM,North America,Saint Pierre and Miquelon,1102.0,1.0,190954.774,173.28,5771.0,,,,,,,,81.07
Montserrat,230,102.0,102.0,MS,MSR,,-0.0009,,43.0,111.37,500,11452,5138,4938,4390,4386,4301,3781,MSR,North America,Montserrat,164.0,2.0,32925.115,401.526,4981.0,,,,,,,,74.16
Falkland Islands,231,12173.0,12173.0,FK,FLK,,0.0029,,0.3114,0.8066,238,2240,3080,3187,3780,3791,3869,3779,FLK,South America,Falkland Islands,115.0,,32596.372,,3528.0,,,,,,,,81.44
Niue,232,261.0,261.0,NU,NIU,0.0,0.0005,,7.4138,19.2017,570,3637,2074,1812,1934,1935,1948,2096,NIU,Oceania,Niue,,,,,1614.0,,,,,,,,73.71
Tokelau,233,12.0,10.0,TK,TKL,,0.0118,,189.3,490.287,772,1647,1666,1367,1871,1893,2046,2430,TKL,Oceania,Tokelau,,,,,1368.0,,,,,,,,81.86
Vatican City,234,0.44,0.44,VA,VAT,,0.0157,,1177.2727,3049.1364,336,733,651,596,510,518,561,731,VAT,Europe,Vatican,29.0,,35714.286,,812.0,,,,,,,,75.12
